<?xml version="1.0" encoding="UTF-8"?>
<!DOCTYPE mapper PUBLIC "-//mybatis.org//DTD Mapper 3.0//EN" "http://mybatis.org/dtd/mybatis-3-mapper.dtd" >
<mapper namespace="ingredient">
	
	<select id="searchIngredientAjax" parameterType="string" resultType="Ingredient">				
			SELECT * FROM INGREDIENT WHERE INAME LIKE '%'||#{keyword1}||'%'		
	</select>
	<select id="selectDistinctName" resultType="Ingredient">
		SELECT CNAME, C FROM (SELECT DISTINCT SUBSTR(CATEGORY,0,1) AS "C", CNAME FROM INGREDIENT_CATEGORY ORDER BY 1)
	</select>
	<select id="selectBigCategory" parameterType="string" resultType="Ingredient">
		SELECT SUBCNAME, CATEGORY FROM INGREDIENT_CATEGORY WHERE CNAME = #{bCategory}
	</select>
	<select id="selectSubCategory" parameterType="string" resultType="Ingredient">
		SELECT INUM, INAME, IIMAGE, CNAME, SUBCNAME, EXDATE FROM INGREDIENT 
		JOIN INGREDIENT_CATEGORY USING(CATEGORY)  WHERE SUBCNAME = #{subCategory}
	</select>
	<select id="showIngSearchResult" parameterType="string" resultType="Ingredient">
		SELECT INUM, INAME, IIMAGE, CNAME, SUBCNAME, EXDATE, KEYWORD FROM INGREDIENT
		JOIN INGREDIENT_CATEGORY USING(CATEGORY) LEFT JOIN INGREDIENT_KEYWORD USING(INUM)
		WHERE INAME = #{iName}
	</select>
	<delete id="deleteIngredient" parameterType="_int">
		DELETE INGREDIENT WHERE INUM = #{iNum}
	</delete>
	<update id="updateIngInfo" parameterType="hashmap">
		UPDATE INGREDIENT SET INAME = #{iName}, IIMAGE = #{iImage}
		<if test="exDate != 0">
		,EXDATE = #{exDate} 
		</if>		
		WHERE INUM = #{iNum}
	</update>
	<select id="selectCategoryFirstChar" resultType="Ingredient">
		SELECT DISTINCT CNAME, CATEGORY, SUBCNAME FROM INGREDIENT_CATEGORY
	</select>
	
	<insert id="insertNewCategory" parameterType="hashmap">
		INSERT INTO INGREDIENT_CATEGORY VALUES(#{newCategory}, #{bigCategory}, #{newSubCName})
	</insert>
	<delete id="deleteCategory" parameterType="hashmap">
		DELETE INGREDIENT_CATEGORY WHERE CNAME =#{cName} AND SUBCNAME = #{subCName} 
	</delete>
	<select id="selectCategoryCode" parameterType="string" resultType="string">
		SELECT CATEGORY FROM INGREDIENT_CATEGORY WHERE SUBCNAME = #{subCategory}
	</select>
	<insert id="insertNewIngredient" parameterType="hashmap">
		INSERT INTO INGREDIENT VALUES(SEQ_INGREDIENT.NEXTVAL, #{iName}, #{category}, #{img}, #{exdate})
	</insert>
	
</mapper>
