<?xml version="1.0" encoding="UTF-8"?>
<!DOCTYPE mapper PUBLIC "-//mybatis.org//DTD Mapper 3.0//EN" "http://mybatis.org/dtd/mybatis-3-mapper.dtd" >
<mapper namespace="recipe">

	<select id="selectCategoryList" resultType="String">
		SELECT CNAME
		FROM INGREDIENT_CATEGORY
		GROUP BY CNAME
		ORDER BY 1 ASC
	</select>
	
	<select id="selectIngredientList" parameterType="String" resultType="ingredient">
		SELECT INAME, INUM
		FROM INGREDIENT I
		JOIN (SELECT CATEGORY
		          FROM INGREDIENT_CATEGORY
		          WHERE CNAME = #{category}
		          ORDER BY 1 ASC) C
		ON (I.CATEGORY = C.CATEGORY)
		ORDER BY 1 ASC
	</select>
	
	<insert id="insertRecipe">
		<selectKey keyProperty="recipeNo" resultType="_int" order="AFTER">
			SELECT SEQ_RECIPE.CURRVAL FROM DUAL
		</selectKey>
		INSERT INTO RECIPE VALUES
		(SEQ_RECIPE.NEXTVAL, 2, '칠리 새우 덮밥', 'TEST.PNG', 2, 2, 0, '1,3,10', 
		'100g,2T,1/2개', '참기름,2스푼|양파,1/2개|파슬리가루,한꼬집', DEFAULT, '나가서 사먹지 마세요~!', 0, 0, 0)
	</insert>
	
	<insert id="insertRecipeContent">
		INSERT INTO RECIPE_CONTENT VALUES(1, #{recipeNo}, 'TEST.PNG', '새우는 물에 넣고 해동시켜주세요.');
	</insert>
	
</mapper>